Title,Year,Age Restrictions,Run Time,Genres,Plot,Ratings,Director,Writers,Actors,Runtime (minutes)
The Hunger Games: The Ballad of Songbirds & Snakes,2023,PG-13,2h 37m,Action Adventure Drama,Coriolanus Snow mentors and develops feelings for the female District 12 tribute during the 10th Hunger Games.,7.2,Francis Lawrence,Michael LesslieMichael ArndtSuzanne Collins,Rachel ZeglerTom BlythViola Davis,157.0
The Hunger Games: The Ballad of Songbirds & Snakes,2023,PG-13,2h 37m,Action Adventure Drama,Coriolanus Snow mentors and develops feelings for the female District 12 tribute during the 10th Hunger Games.,7.2,Francis Lawrence,Michael LesslieMichael ArndtSuzanne Collins,Rachel ZeglerTom BlythViola Davis,157.0
Tiger 3,2023,,,Action Adventure Thriller,Tiger and Zoya are back - to save the country and their family. This time it's personal.,7.7,Maneesh Sharma,Shridhar RaghavanAnckur ChaudhryAditya Chopra,Salman KhanKatrina KaifEmraan Hashmi,
Madame Web,2024,,,Action Adventure Sci-Fi,Madame Web tells the standalone origin story of one of Marvel publishing's most enigmatic heroines.,,S.J. Clarkson,Claire ParkerS.J. ClarksonKerem Sanga,Claire ParkerS.J. ClarksonKerem Sanga,
Five Nights at Freddy's,2023,PG-13,1h 49m,Horror Mystery Thriller,"A troubled security guard begins working at Freddy Fazbear's Pizza. During his first night on the job, he realizes that the night shift won't be so easy to get through. Pretty soon he will unveil what actually happened at Freddy's.",5.5,Emma Tammi,Scott CawthonSeth CuddebackEmma Tammi,Scott CawthonSeth CuddebackEmma Tammi,109.0
Oppenheimer,2023,R,3h,Biography Drama History,"The story of American scientist, J. Robert Oppenheimer, and his role in the development of the atomic bomb.",8.5,Christopher Nolan,Christopher NolanKai BirdMartin Sherwin,Cillian MurphyEmily BluntMatt Damon,
The Creator,2023,PG-13,2h 13m,Action Adventure Drama,"Against the backdrop of a war between humans and robots with artificial intelligence, a former soldier finds the secret weapon, a robot in the form of a young child.",7.0,Gareth Edwards,Gareth EdwardsChris Weitz,Gareth EdwardsChris Weitz,133.0
Killers of the Flower Moon,2023,R,3h 26m,Crime Drama History,"When oil is discovered in 1920s Oklahoma under Osage Nation land, the Osage people are murdered one by one - until the FBI steps in to unravel the mystery.",8.0,Martin Scorsese,Eric RothMartin ScorseseDavid Grann,Leonardo DiCaprioRobert De NiroLily Gladstone,206.0
Damsel,2024,PG-13,1h 25m,Action Adventure Fantasy,"A dutiful damsel agrees to marry a handsome prince, only to find the royal family has recruited her as a sacrifice to repay an ancient debt. Thrown into a cave with a fire-breathing dragon, she must rely on her wits and will to survive.",,Juan Carlos Fresnadillo,Dan Mazeau,Millie Bobby BrownRobin WrightShohreh Aghdashloo,85.0
Thanksgiving,2023,R,1h 46m,Horror Mystery Thriller,"After a Black Friday riot ends in tragedy, a mysterious Thanksgiving-inspired killer terrorizes Plymouth, Massachusetts - the birthplace of the infamous holiday.",7.0,Eli Roth,Jeff RendellEli Roth,Jeff RendellEli Roth,106.0
Napoleon,2023,R,2h 38m,Action Adventure Biography,"An epic that details the checkered rise and fall of French Emperor Napoleon Bonaparte and his relentless journey to power through the prism of his addictive, volatile relationship with his wife, Josephine.",7.1,Ridley Scott,David Scarpa,Joaquin PhoenixVanessa KirbyTahar Rahim,158.0
Rebel Moon - Part One: A Child of Fire,2023,PG-13,2h 13m,Action Adventure Drama,"When a peaceful settlement on the edge of a distant moon finds itself threatened by the armies of a tyrannical ruling force, a mysterious stranger living among its villagers becomes their best hope for survival.",,Zack Snyder,Shay HattenKurt JohnstadZack Snyder,Shay HattenKurt JohnstadZack Snyder,133.0
Saltburn,2023,R,2h 7m,Comedy Drama Thriller,"A student at Oxford University finds himself drawn into the world of a charming and aristocratic classmate, who invites him to his eccentric family's sprawling estate for a summer never to be forgotten.",7.6,Emerald Fennell,Emerald Fennell,Barry KeoghanJacob ElordiArchie Madekwe,127.0
A Haunting in Venice,2023,PG-13,1h 43m,Crime Drama Horror,"In post-World War II Venice, Poirot, now retired and living in his own exile, reluctantly attends a seance. But when one of the guests is murdered, it is up to the former detective to once again uncover the killer.",6.6,Kenneth Branagh,Michael GreenAgatha Christie,Kenneth BranaghMichelle YeohJamie Dornan,103.0
Inside Out 2,2024,,,Animation Adventure Comedy,"Follow Riley, in her teenage years, encountering new emotions.",,Kelsey Mann,Meg LeFauve,Meg LeFauve,
The Holdovers,2023,R,2h 13m,Comedy Drama,A cranky history teacher at a remote prep school is forced to remain on campus over the holidays with a troubled student who has no place to go.,8.4,Alexander Payne,David Hemingson,Paul GiamattiDa'Vine Joy RandolphDominic Sessa,133.0
No Hard Feelings,2023,R,1h 43m,Comedy Romance,"On the brink of losing her home, Maddie finds an intriguing job listing: helicopter parents looking for someone to bring their introverted 19-year-old son out of his shell before college. She has one summer to make him a man or die trying.",6.4,Gene Stupnitsky,Gene StupnitskyJohn Phillips,Jennifer LawrenceAndrew Barth FeldmanLaura Benanti,103.0
Barbie,2023,PG-13,1h 54m,Adventure Comedy Fantasy,Barbie suffers a crisis that leads her to question her world and her existence.,7.0,Greta Gerwig,Greta GerwigNoah Baumbach,Margot RobbieRyan GoslingIssa Rae,114.0
Spider-Man: Across the Spider-Verse,2023,PG,2h 20m,Animation Action Adventure,"Miles Morales catapults across the Multiverse, where he encounters a team of Spider-People charged with protecting its very existence. When the heroes clash on how to handle a new threat, Miles must redefine what it means to be a hero.",8.7,Joaquim Dos SantosKemp PowersJustin K. Thompson,Phil LordChristopher MillerDave Callaham,Phil LordChristopher MillerDave Callaham,140.0
The Hunger Games,2012,PG-13,2h 22m,Action Adventure Sci-Fi,Katniss Everdeen voluntarily takes her younger sister's place in the Hunger Games: a televised competition in which two teenagers from each of the twelve Districts of Panem are chosen at random to fight to the death.,7.2,Gary Ross,Gary RossSuzanne CollinsBilly Ray,Gary RossSuzanne CollinsBilly Ray,142.0
Pain Hustlers,2023,R,2h 3m,Crime Drama,"Liza dreams of a better life for herself and her daughter. Hired to work for a bankrupt pharmaceutical company, Liza skyrockets with sales and into the high life, putting her in the middle of a federal criminal conspiracy.",6.5,David Yates,Wells TowerEvan Hughes,Emily BluntChris EvansCatherine O'Hara,123.0
Nyad,2023,PG-13,2h 1m,Biography Drama Sport,"The remarkable true story of athlete Diana Nyad who, at the age of 60 and with the help of her best friend and coach, commits to achieving her life-long dream: a 110-mile open ocean swim from Cuba to Florida.",7.1,Jimmy ChinElizabeth Chai Vasarhelyi,Diana NyadJulia Cox,Annette BeningJodie FosterAnne Marie Kempf,121.0
Mission: Impossible - Dead Reckoning Part One,2023,PG-13,2h 43m,Action Adventure Thriller,Ethan Hunt and his IMF team must track down a dangerous weapon before it falls into the wrong hands.,7.8,Christopher McQuarrie,Bruce GellerChristopher McQuarrieErik Jendresen,Tom CruiseHayley AtwellVing Rhames,163.0
Priscilla,2023,R,1h 53m,Biography Drama Music,"When teenage Priscilla Beaulieu meets Elvis Presley, the man who is already a meteoric rock-and-roll superstar becomes someone entirely unexpected in private moments: a thrilling crush, an ally in loneliness, a vulnerable best friend.",7.1,Sofia Coppola,Sofia CoppolaSandra HarmonPriscilla Presley,Cailee SpaenyJacob ElordiAri Cohen,113.0
Mean Girls,2024,,,Comedy Musical,"Cady Heron is a hit with the Plastics, an A-list girl clique at her new school when she makes the mistake of falling for Aaron Samuels, the ex-boyfriend of alpha Plastic Regina George.",,Samantha JayneArturo Perez Jr.,Tina Fey,Tina Fey,
Locked In,2023,TV-MA,1h 36m,Horror Mystery Thriller,"A kindly nurse tries to unlock the secrets of a coma patient's injury - and discovers the bitter rivalry, infidelity, betrayal and murder behind them.",5.1,Nour Wazzi,Rowan Joffe,Famke JanssenRose WilliamsAlex Hassell,96.0
Jawan,2023,Not Rated,2h 49m,Action Thriller,A high-octane action thriller which outlines the emotional journey of a man who is set to rectify the wrongs in the society.,7.1,Atlee,Sumit AroraAtleeRamanagirivasan,Shah Rukh KhanNayantharaVijay Sethupathi,169.0
Trolls Band Together,2023,PG,1h 31m,Animation Adventure Comedy,"Poppy discovers that Branch was once part of the boy band 'BroZone' with his brothers, Floyd, John Dory, Spruce and Clay. When Floyd is kidnapped, Branch and Poppy embark on a journey to reunite his two other brothers and rescue Floyd.",6.0,Walt DohrnTim Heitz,Elizabeth TippetThomas Dam,Anna KendrickJustin TimberlakeKenan Thompson,91.0
Anyone But You,2023,,,Comedy Romance,"After an amazing first date, Bea and Ben's fiery attraction turns ice cold - until they find themselves unexpectedly reunited at a destination wedding in Australia. So they do what any two mature adults would do: pretend to be a couple.",,Will Gluck,Ilana WolpertWill Gluck,Ilana WolpertWill Gluck,
The Garfield Movie,2024,,,Animation Adventure Comedy,"Garfield is about to go on a wild outdoor adventure. After an unexpected reunion with his long-lost father - the cat Vic - Garfield and Odie are forced to abandon their pampered life to join Vic in a hilarious, high-stakes heist.",,Mark Dindal,Paul A. KaplanMark TorgoveDavid Reynolds,Paul A. KaplanMark TorgoveDavid Reynolds,
Old Dads,2023,R,1h 44m,Comedy,"Three best friends become fathers later in life and find themselves battling preschool principals, millennial CEOs, and anything created after 1987.",6.2,Bill Burr,Bill BurrBen Tishler,Bill BurrBobby CannavaleBokeem Woodbine,104.0
Wish,2023,PG,1h 35m,Animation Adventure Comedy,Wish will follow a young girl named Asha who wishes on a star and gets a more direct answer than she bargained for when a trouble-making star comes down from the sky to join her.,6.2,Chris BuckFawn Veerasunthorn,Jennifer LeeAllison MooreChris Buck,Jennifer LeeAllison MooreChris Buck,95.0
Poor Things,2023,R,2h 21m,Romance Sci-Fi,"The incredible tale about the fantastical evolution of Bella Baxter, a young woman brought back to life by the brilliant and unorthodox scientist Dr. Godwin Baxter.",8.5,Yorgos Lanthimos,Tony McNamaraAlasdair Gray,Emma StoneMark RuffaloWillem Dafoe,141.0
Anatomy of a Fall,2023,R,2h 31m,Crime Drama Thriller,"A woman is suspected of her husband's murder, and their blind son faces a moral dilemma as the main witness.",7.9,Justine Triet,Justine TrietArthur Harari,Sandra HüllerSwann ArlaudMilo Machado Graner,151.0
X,2022,R,1h 45m,Horror Mystery Thriller,"In 1979, a group of young filmmakers set out to make an adult film in rural Texas, but when their reclusive, elderly hosts catch them in the act, the cast find themselves fighting for their lives.",6.5,Ti West,Ti West,Mia GothJenna OrtegaBrittany Snow,105.0
Dream Scenario,2023,R,1h 42m,Comedy Horror,"A hapless family man finds his life turned upside down when millions of strangers suddenly start seeing him in their dreams. When his nighttime appearances take a nightmarish turn, Paul is forced to navigate his newfound stardom.",7.3,Kristoffer Borgli,Kristoffer Borgli,Lily BirdNicolas CageJulianne Nicholson,102.0
Dumb Money,2023,R,1h 45m,Biography Comedy Drama,David vs. Goliath tale about everyday people who flipped the script on Wall Street and got rich by turning GameStop (the video game store) into the world's hottest company.,7.0,Craig Gillespie,Lauren Schuker BlumRebecca AngeloBen Mezrich,Paul DanoPete DavidsonVincent D'Onofrio,105.0
Blue Beetle,2023,PG-13,2h 7m,Action Adventure Sci-Fi,"An alien scarab chooses Jaime Reyes to be its symbiotic host, bestowing the recent college graduate with a suit of armor that's capable of extraordinary powers, forever changing his destiny as he becomes the superhero known as Blue Beetle.",6.0,Angel Manuel Soto,Gareth Dunnet-Alcocer,Xolo MaridueñaBruna MarquezineBecky G,127.0
Reptile,2023,R,2h 14m,Crime Drama Mystery,"Tom Nichols is a hardened New England detective, unflinching in his pursuit of a case where nothing is as it seems and it begins to dismantle the illusions in his own life.",6.8,Grant Singer,Grant SingerBenjamin BrewerBenicio Del Toro,Grant SingerBenjamin BrewerBenicio Del Toro,134.0
Leo,2023,,,Action Crime Drama,"Parthiban is a mild-mannered cafe owner in Kashmir, who fends off a gang of murderous thugs and gains attention from a drug cartel claiming he was once a part of them.",7.7,Lokesh Kanagaraj,Lokesh KanagarajRathna KumarDeeraj Vaidy,Joseph VijayTrisha KrishnanSanjay Dutt,
Talk to Me,2022,R,1h 35m,Horror Thriller,"When a group of friends discover how to conjure spirits using an embalmed hand, they become hooked on the new thrill, until one of them goes too far and unleashes terrifying supernatural forces.",7.1,Danny PhilippouMichael Philippou,Danny PhilippouBill HinzmanDaley Pearson,Ari McCarthyHamish PhillipsKit Erhart-Bruce,95.0
Sound of Freedom,2023,PG-13,2h 11m,Biography Crime Drama,The incredible true story of a former government agent turned vigilante who embarks on a dangerous mission to rescue hundreds of children from traffickers.,7.7,Alejandro Monteverde,Rod BarrAlejandro Monteverde,Jim CaviezelMira SorvinoBill Camp,131.0
Wonka,2023,PG,1h 52m,Adventure Comedy Family,"Based on the extraordinary character at the center of Charlie and the Chocolate Factory, ""Wonka"" tells the wondrous story of how the world's greatest inventor, magician and chocolate-maker became the beloved Willy Wonka we know today.",,Paul King,Simon FarnabyPaul KingRoald Dahl,Simon FarnabyPaul KingRoald Dahl,112.0
Quiz Lady,2023,R,1h 39m,Comedy,A game-show-obsessed woman and her estranged sister work together to help cover their mother's gambling debts.,6.7,Jessica Yu,Jen D'Angelo,AwkwafinaSandra OhWill Ferrell,99.0
Rumble Through the Dark,2023,R,1h 56m,Action Mystery Thriller,"In the dark landscape of the Mississippi Delta, a bare knuckle cage fighter seeks to repay his debts in a final, desperate attempt to salvage the family home of his dying foster mother.",5.9,Graham PhillipsParker Phillips,Michael Farris Smith,Bella ThorneAaron EckhartRitchie Coster,116.0
Godzilla Minus One,2023,PG-13,2h 5m,Action Adventure Drama,"Post war Japan is at its lowest point when a new crisis emerges in the form of a giant monster, baptized in the horrific power of the atomic bomb.",7.8,Takashi Yamazaki,Takashi Yamazaki,Ryunosuke KamikiMinami HamabeYuki Yamada,125.0
When Evil Lurks,2023,Not Rated,1h 39m,Horror,"In a remote village, two brothers find a demon-infected man just about to ""give birth"" to evil itself. They decide to get rid of the body, only to end up unintentionally spreading chaos.",7.0,Demián Rugna,Demián Rugna,Ezequiel RodríguezDemián SalomónSilvina Sabater,99.0
The Equalizer 3,2023,R,1h 49m,Action Crime Thriller,"Robert McCall finds himself at home in Southern Italy but he discovers his friends are under the control of local crime bosses. As events turn deadly, McCall knows what he has to do: become his friends' protector by taking on the mafia.",6.9,Antoine Fuqua,Richard WenkMichael SloanRichard Lindheim,Denzel WashingtonDakota FanningEugenio Mastrandrea,109.0
The Iron Claw,2023,,,Biography Drama Sport,"The true story of the inseparable Von Erich brothers, who made history in the intensely competitive world of professional wrestling in the early 1980s.",,Sean Durkin,Sean Durkin,Zac EfronJeremy Allen WhiteHarris Dickinson,
Next Goal Wins,2023,PG-13,1h 44m,Comedy Drama Sport,"The story of the infamously terrible American Samoa soccer team, known for a brutal 2001 FIFA match they lost 31-0.",6.5,Taika Waititi,Taika WaititiIain Morris,Michael FassbenderOscar KightleyKaimana,104.0
Saw X,2023,R,1h 58m,Horror Mystery Thriller,A sick and desperate John travels to Mexico for a risky and experimental medical procedure in hopes of a miracle cure for his cancer only to discover the entire operation is a scam to defraud the most vulnerable.,6.7,Kevin Greutert,Pete GoldfingerJosh Stolberg,Tobin BellShawnee SmithSynnøve Macody Lund,118.0
Ghostbusters: Frozen Empire,2024,,,Adventure Comedy Fantasy,"When the discovery of an ancient artifact unleashes an evil force, Ghostbusters new and old must join forces to protect their home and save the world from a second ice age.",,Gil Kenan,Gil KenanJason ReitmanIvan Reitman,Gil KenanJason ReitmanIvan Reitman,
The Hunger Games: Catching Fire,2013,PG-13,2h 26m,Action Adventure Sci-Fi,Katniss Everdeen and Peeta Mellark become targets of the Capitol after their victory in the 74th Hunger Games sparks a rebellion in the Districts of Panem.,7.5,Francis Lawrence,Simon BeaufoyMichael ArndtSuzanne Collins,Jennifer LawrenceJosh HutchersonLiam Hemsworth,146.0
John Wick: Chapter 4,2023,R,2h 49m,Action Crime Thriller,"John Wick uncovers a path to defeating The High Table. But before he can earn his freedom, Wick must face off against a new enemy with powerful alliances across the globe and forces that turn old friends into foes.",7.7,Chad Stahelski,Shay HattenMichael FinchDerek Kolstad,Keanu ReevesLaurence FishburneGeorge Georgiou,169.0
The Burial,2023,R,2h 6m,Drama,"Inspired by true events, a lawyer helps a funeral home owner save his family business from a corporate behemoth, exposing a complex web of race, power, and injustice.",7.1,Maggie Betts,Doug WrightMaggie BettsJonathan Harr,Doug WrightMaggie BettsJonathan Harr,126.0
May December,2023,R,1h 57m,Comedy Drama,"Twenty years after their notorious tabloid romance gripped the nation, a married couple buckles under pressure when an actress arrives to do research for a film about their past.",7.4,Todd Haynes,Samy BurchAlex Mechanik,Samy BurchAlex Mechanik,117.0
Best. Christmas. Ever!,2023,TV-PG,1h 22m,Comedy Romance,Friendships are put to the ultimate test over a boastful holiday newsletter.,4.4,Mary Lambert,Todd Calgi GallicanoCharles Shyer,Todd Calgi GallicanoCharles Shyer,82.0
Journey to Bethlehem,2023,PG,1h 38m,Adventure Family Musical,"This live-action Christmas musical adventure for the entire family, weaves classic Christmas melodies with humor, faith, and new pop songs in a retelling of the greatest story ever told, the story of Mary and Joseph and the birth of Jesus.",6.6,Adam Anders,Adam AndersPeter Barsocchini,Milo ManheimAntonio BanderasFiona Palomo,98.0
Kingdom of the Planet of the Apes,2024,,,Action Sci-Fi,"Many years after the reign of Caesar, a young ape goes on a journey that will lead him to question everything he's been taught about the past and make choices that will define a future for apes and humans alike.",,Wes Ball,Patrick AisonJosh FriedmanRick Jaffa,Patrick AisonJosh FriedmanRick Jaffa,
Home Alone,1990,PG,1h 43m,Comedy Family,"An eight-year-old troublemaker, mistakenly left home alone, must defend his home against a pair of burglars on Christmas eve.",7.7,Chris Columbus,John Hughes,Macaulay CulkinJoe PesciDaniel Stern,103.0
The Godfather,1972,R,2h 55m,Crime Drama,"Don Vito Corleone, head of a mafia family, decides to hand over his empire to his youngest son Michael. However, his decision unintentionally puts the lives of his loved ones in grave danger.",9.2,Francis Ford Coppola,Mario PuzoFrancis Ford Coppola,Mario PuzoFrancis Ford Coppola,175.0
Interstellar,2014,PG-13,2h 49m,Adventure Drama Sci-Fi,"When Earth becomes uninhabitable in the future, a farmer and ex-NASA pilot, Joseph Cooper, is tasked to pilot a spacecraft, along with a team of researchers, to find a new planet for humans.",8.7,Christopher Nolan,Jonathan NolanChristopher Nolan,Matthew McConaugheyAnne HathawayJessica Chastain,169.0
National Lampoon's Christmas Vacation,1989,PG-13,1h 37m,Comedy,The Griswold family's plans for a big family Christmas predictably turn into a big disaster.,7.5,Jeremiah S. Chechik,John Hughes,Chevy ChaseBeverly D'AngeloJuliette Lewis,97.0
Harry Potter and the Sorcerer's Stone,2001,PG,2h 32m,Adventure Family Fantasy,"An orphaned boy enrolls in a school of wizardry, where he learns the truth about himself, his family and the terrible evil that haunts the magical world.",7.6,Chris Columbus,J.K. RowlingSteve Kloves,Daniel RadcliffeRupert GrintRichard Harris,152.0
The Shawshank Redemption,1994,R,2h 22m,Drama,"Over the course of several years, two convicts form a friendship, seeking consolation and, eventually, redemption through basic compassion.",9.3,Frank Darabont,Stephen KingFrank Darabont,Tim RobbinsMorgan FreemanBob Gunton,142.0
Please Don't Destroy: The Treasure of Foggy Mountain,2023,R,1h 32m,Comedy,"It follows three friends who live together. When they realize that they don't like their life trajectory, they set off to find a gold treasure that is rumored to be buried in the nearby mountain.",6.2,Paul Briganti,Martin HerlihyJohn HigginsBen Marshall,Martin HerlihyJohn HigginsBen Marshall,92.0
Captain Marvel,2019,PG-13,2h 3m,Action Adventure Sci-Fi,Carol Danvers becomes one of the universe's most powerful heroes when Earth is caught in the middle of a galactic war between two alien races.,6.8,Anna BodenRyan Fleck,Anna BodenRyan FleckGeneva Robertson-Dworet,Anna BodenRyan FleckGeneva Robertson-Dworet,123.0
Fair Play,2023,R,1h 53m,Drama Mystery Thriller,"An unexpected promotion at a cutthroat hedge fund pushes a young couple's relationship to the brink, threatening to unravel far more than their recent engagement.",6.4,Chloe Domont,Chloe Domont,Phoebe DynevorAlden EhrenreichEddie Marsan,113.0
Guardians of the Galaxy Vol. 3,2023,PG-13,2h 30m,Action Adventure Comedy,"Still reeling from the loss of Gamora, Peter Quill rallies his team to defend the universe and one of their own - a mission that could mean the end of the Guardians if not successful.",7.9,James Gunn,James GunnJim StarlinStan Lee,James GunnJim StarlinStan Lee,150.0
Elemental,2023,PG,1h 41m,Animation Adventure Comedy,"Follows Ember and Wade, in a city where fire-, water-, earth- and air-residents live together.",7.0,Peter Sohn,John HobergKat LikkelBrenda Hsueh,John HobergKat LikkelBrenda Hsueh,101.0
The Super Mario Bros. Movie,2023,PG,1h 32m,Animation Adventure Comedy,"A plumber named Mario travels through an underground labyrinth with his brother Luigi, trying to save a captured princess.",7.1,Aaron HorvathMichael JelenicPierre Leduc,Matthew Fogel,Aaron HorvathMichael JelenicPierre Leduc,92.0
Inside Out,2015,PG,1h 35m,Animation Adventure Comedy,"After young Riley is uprooted from her Midwest life and moved to San Francisco, her emotions - Joy, Fear, Anger, Disgust, and Sadness - conflict on how best to navigate a new city, house, and school.",8.1,Pete DocterRonnie Del Carmen,Pete DocterRonnie Del CarmenMeg LeFauve,Pete DocterRonnie Del CarmenMeg LeFauve,95.0
Scott Pilgrim vs. the World,2010,PG-13,1h 52m,Action Comedy Fantasy,"In a magically realistic version of Toronto, a young man must defeat his new girlfriend's seven evil exes one by one in order to win her heart.",7.5,Edgar Wright,Michael BacallEdgar WrightBryan Lee O'Malley,Michael CeraMary Elizabeth WinsteadKieran Culkin,112.0
Fingernails,2023,R,1h 53m,Drama Romance Sci-Fi,"Anna and Ryan have found true love, and it's proven by a controversial new technology. There's just one problem, as Anna still isn't sure. Then she takes a position at a love testing institute and meets Amir.",5.9,Christos Nikou,Christos NikouSam SteinerStavros Raptis,Jessie BuckleyRiz AhmedJeremy Allen White,113.0
Mean Girls,2004,PG-13,1h 37m,Comedy,"Cady Heron is a hit with The Plastics, the A-list girl clique at her new school, until she makes the mistake of falling for Aaron Samuels, the ex-boyfriend of alpha Plastic Regina George.",7.1,Mark Waters,Rosalind WisemanTina Fey,Lindsay LohanJonathan BennettRachel McAdams,97.0
BlackBerry,2023,R,2h,Biography Comedy Drama,The story of the meteoric rise and catastrophic demise of the world's first smartphone.,7.4,Matt Johnson,Jacquie McNishSean SilcoffMatt Johnson,Jacquie McNishSean SilcoffMatt Johnson,
The Impossible,2012,PG-13,1h 54m,Drama History Thriller,The story of a tourist family in Thailand caught in the destruction and chaotic aftermath of the 2004 Indian Ocean tsunami.,7.5,J.A. Bayona,Sergio G. SánchezMaría Belón,Naomi WattsEwan McGregorTom Holland,114.0
The Nun II,2023,R,1h 50m,Horror Mystery Thriller,"1956 - France. A priest is murdered. An evil is spreading. The sequel to the worldwide smash hit follows Sister Irene as she once again comes face-to-face with Valak, the demon nun.",5.6,Michael Chaves,Ian GoldbergRichard NaingAkela Cooper,Ian GoldbergRichard NaingAkela Cooper,110.0
The Boy and the Heron,2023,PG-13,2h 4m,Animation Adventure Drama,"A young boy named Mahito yearning for his mother ventures into a world shared by the living and the dead. There, death comes to an end, and life finds a new beginning. A semi-autobiographical fantasy from the mind of Hayao Miyazaki.",7.5,Hayao Miyazaki,Hayao Miyazaki,Soma SantokiMasaki SudaTakuya Kimura,124.0
Gran Turismo,2023,PG-13,2h 14m,Action Adventure Drama,"Based on the unbelievable, inspiring true story of a team of underdogs - a struggling, working-class gamer, a failed former race car driver, and an idealistic motorsport exec - who risk it all to take on the most elite sport in the world.",7.2,Neill Blomkamp,Jason HallZach BaylinAlex Tse,Jason HallZach BaylinAlex Tse,134.0
Past Lives,2023,PG-13,1h 45m,Drama Romance,"Nora and Hae Sung, two deeply connected childhood friends, are wrested apart after Nora's family emigrates from South Korea. Twenty years later, they are reunited for one fateful week as they confront notions of love and destiny.",8.0,Celine Song,Celine Song,Greta LeeTeo YooJohn Magaro,105.0
Love Actually,2003,R,2h 15m,Comedy Drama Romance,"Follows the lives of eight very different couples in dealing with their love lives in various loosely interrelated tales all set during a frantic month before Christmas in London, England.",7.6,Richard Curtis,Richard Curtis,Hugh GrantMartine McCutcheonLiam Neeson,135.0
The Batman,2022,PG-13,2h 56m,Action Crime Drama,"When a sadistic serial killer begins murdering key political figures in Gotham, Batman is forced to investigate the city's hidden corruption and question his family's involvement.",7.8,Matt Reeves,Matt ReevesPeter CraigBob Kane,Matt ReevesPeter CraigBob Kane,176.0
Deadpool 3,2024,,,Action Comedy Sci-Fi,"Wolverine joins the ""merc with a mouth"" in the third installment of the Deadpool film franchise.",,Shawn Levy,Shawn LevyRob LiefeldWendy Molyneux,Shawn LevyRob LiefeldWendy Molyneux,
Asteroid City,2023,PG-13,1h 45m,Comedy Drama Romance,"Following a writer on his world famous fictional play about a grieving father who travels with his tech-obsessed family to small rural Asteroid City to compete in a junior stargazing event, only to have his world view disrupted forever.",6.6,Wes Anderson,Wes AndersonRoman Coppola,Wes AndersonRoman Coppola,105.0
The Marsh King's Daughter,2023,R,1h 49m,Crime Drama Mystery,A woman seeks revenge against the man who kidnapped her mother.,6.1,Neil Burger,Elle SmithMark L. SmithKaren Dionne,Daisy RidleyBen MendelsohnBrooklynn Prince,109.0
Elf,2003,PG,1h 37m,Adventure Comedy Family,"Raised as an oversized elf, Buddy travels from the North Pole to New York City to meet his biological father, Walter Hobbs, who doesn't know he exists and is in desperate need of some Christmas spirit.",7.1,Jon Favreau,David Berenbaum,Will FerrellJames CaanBob Newhart,97.0
Totally Killer,2023,R,1h 46m,Comedy Horror,"When the infamous ""Sweet Sixteen Killer"" returns 35 years after his first murder spree to claim another victim, 17-year-old Jamie accidentally travels back in time to 1987, determined to stop the killer before he can start.",6.6,Nahnatchka Khan,David MatalonSasha Perl-RaverJen D'Angelo,David MatalonSasha Perl-RaverJen D'Angelo,106.0
Wingwomen,2023,TV-MA,1h 56m,Action Comedy Crime,"Tired of the risks involved in a life of crime, two expert thieves and best friends recruit feisty Sam to assist them with one last job before they move to a new, and less stressful, line of work.",5.6,Mélanie Laurent,Mélanie LaurentChristophe DeslandesCédric Anger,Mélanie LaurentChristophe DeslandesCédric Anger,116.0
The Wolf of Wall Street,2013,R,3h,Biography Comedy Crime,"Based on the true story of Jordan Belfort, from his rise to a wealthy stock-broker living the high life to his fall involving crime, corruption and the federal government.",8.2,Martin Scorsese,Terence WinterJordan Belfort,Leonardo DiCaprioJonah HillMargot Robbie,
Dune,2021,PG-13,2h 35m,Action Adventure Drama,A noble family becomes embroiled in a war for control over the galaxy's most valuable asset while its heir becomes troubled by visions of a dark future.,8.0,Denis Villeneuve,Jon SpaihtsDenis VilleneuveEric Roth,Jon SpaihtsDenis VilleneuveEric Roth,155.0
Expend4bles,2023,R,1h 43m,Action Adventure Thriller,"Armed with every weapon they can get their hands on, the Expendables are the world's last line of defense and the team that gets called when all other options are off the table.",4.8,Scott Waugh,Kurt WimmerTad DaggerhartMax Adams,Kurt WimmerTad DaggerhartMax Adams,103.0
Ferrari,2023,R,2h 10m,Biography Drama History,"Set in the summer of 1957, with Enzo Ferrari's auto empire in crisis, the ex-racer turned entrepreneur pushes himself and his drivers to the edge as they launch into the Mille Miglia, a treacherous 1,000-mile race across Italy.",6.7,Michael Mann,Troy Kennedy MartinBrock Yates,Troy Kennedy MartinBrock Yates,130.0
Manodrome,2023,R,1h 35m,Drama Thriller,"Conflicted about his girlfriend's pregnancy, Ralphie's life spirals out of control when he meets a mysterious family of men.",4.8,John Trengove,John Trengove,Jesse EisenbergAdrien BrodyOdessa Young,95.0
Dungeons & Dragons: Honor Among Thieves,2023,PG-13,2h 14m,Action Adventure Comedy,"A charming thief and a band of unlikely adventurers embark on an epic quest to retrieve a lost relic, but things go dangerously awry when they run afoul of the wrong people.",7.3,John Francis DaleyJonathan Goldstein,Jonathan GoldsteinJohn Francis DaleyMichael Gilio,Jonathan GoldsteinJohn Francis DaleyMichael Gilio,134.0
The Breakfast Club,1985,R,1h 37m,Comedy Drama,Five high school students meet in Saturday detention and discover how they have a great deal more in common than they thought.,7.8,John Hughes,John Hughes,Emilio EstevezJudd NelsonMolly Ringwald,97.0
The Exorcist: Believer,2023,R,1h 51m,Horror,"When two girls disappear into the woods and return three days later with no memory of what happened to them, the father of one girl seeks out Chris MacNeil, who's been forever altered by what happened to her daughter fifty years ago.",4.9,David Gordon Green,Peter SattlerDavid Gordon GreenScott Teems,Peter SattlerDavid Gordon GreenScott Teems,111.0
Gone Girl,2014,R,2h 29m,Drama Mystery Thriller,"With his wife's disappearance having become the focus of an intense media circus, a man sees the spotlight turned on him when it's suspected that he may not be innocent.",8.1,David Fincher,Gillian Flynn,Gillian Flynn,149.0
The 355,2022,PG-13,2h 2m,Action Thriller,"When a top-secret weapon falls into mercenary hands, a wild-card C.I.A. agent joins forces with three international agents on a mission to retrieve it, while staying a step ahead of a mysterious woman who's tracking their every move.",5.6,Simon Kinberg,Theresa RebeckSimon Kinberg,Theresa RebeckSimon Kinberg,122.0
